<?xml version="1.0" encoding="UTF-8"?>
<configuration debug="true">

	<!-- Appenders -->
	<appender name="console" class="ch.qos.logback.core.ConsoleAppender">
		<encoder>
			<Pattern>%d %5p [%c] %m%n</Pattern>
		</encoder>
	</appender>

	<appender name="console-infolog" class="ch.qos.logback.core.ConsoleAppender">
		<encoder>
			<Pattern>%d %5p %m%n</Pattern>
		</encoder>
	</appender>

	<!-- Logger -->
<!--	변경 필요  -->
<!--	<logger name="com.example.프로젝트파일명" level="DEBUG" appender-ref="console" />-->
	<logger name="com.example.simpledms" level="DEBUG" appender-ref="console" />

	<logger name="jdbc.sqlonly" level="INFO" appender-ref="console-infolog" />
	<logger name="jdbc.resultsettable" level="INFO" appender-ref="console-infolog" />

	<!-- Root Logger : 기본 OFF -->
<!--	하위 로거에서 재정의해서 사용함 : INFO, DEBUG 등으로 -->
	<root level="off">
		<appender-ref ref="console" />
	</root>
</configuration>